segment_id	start_time_seconds	end_time_seconds	label
-7xDzCwyAco_30000	0.377	1.504	/m/01d3sd
-7xDzCwyAco_30000	2.957	4.402	/m/01d3sd
-7xDzCwyAco_30000	5.633	6.981	/m/01d3sd
-7xDzCwyAco_30000	8.226	9.651	/m/01d3sd
-81GPDp9IQY_20000	5.984	8.401	/m/01d3sd
-DexfVugZDE_0	0.986	2.989	/m/01d3sd
-Jj2dA1dCSE_30000	4.481	4.912	/m/07q0yl5
-NrpfrEGq5w_40000	0.505	0.725	/m/01d3sd
-NrpfrEGq5w_40000	1.653	1.866	/m/01d3sd
-NrpfrEGq5w_40000	3.055	3.344	/m/01d3sd
-NrpfrEGq5w_40000	4.354	4.67	/m/01d3sd
-NrpfrEGq5w_40000	6.313	6.567	/m/01d3sd
-NrpfrEGq5w_40000	7.804	8.093	/m/01d3sd
-NrpfrEGq5w_40000	9.199	9.467	/m/01d3sd
-NsUQ2A0ClQ_0	6.155	7.015	/m/01d3sd
-w1aSUQPcf4_30000	1.373	2.201	/m/07q0yl5
-w1aSUQPcf4_30000	4.094	4.379	/m/07q0yl5
01i68fQIo1o_100000	0.292	0.815	/m/01d3sd
01i68fQIo1o_100000	2.67	3.839	/m/01d3sd
01i68fQIo1o_100000	5.969	7.289	/m/01d3sd
01i68fQIo1o_100000	9.598	10.0	/m/01d3sd
0IMorrErsv0_50000	0.623	2.101	/m/01d3sd
0IMorrErsv0_50000	4.067	5.326	/m/01d3sd
0IMorrErsv0_50000	7.04	8.316	/m/01d3sd
0JDlM0Wolms_0	1.591	2.189	/m/07q0yl5
0NgKGcIkHPM_50000	0.647	2.142	/m/01d3sd
0NgKGcIkHPM_50000	4.092	5.692	/m/01d3sd
0NgKGcIkHPM_50000	7.512	9.022	/m/01d3sd
0NvRnSZo_yw_0	0.564	1.234	/m/01d3sd
0NvRnSZo_yw_0	1.896	2.415	/m/01d3sd
0NvRnSZo_yw_0	6.546	7.625	/m/01d3sd
0SrJ2zPEqLs_30000	5.99	10.0	/m/01d3sd
0VFkSevVAqw_30000	0.055	1.339	/m/01d3sd
0VFkSevVAqw_30000	1.913	2.362	/m/01d3sd
0VFkSevVAqw_30000	2.827	4.488	/m/01d3sd
0VFkSevVAqw_30000	4.961	5.291	/m/01d3sd
0VFkSevVAqw_30000	5.764	7.386	/m/01d3sd
0VFkSevVAqw_30000	8.677	10.0	/m/01d3sd
0WnknjrATdA_40000	0.923	1.726	/m/01d3sd
0WnknjrATdA_40000	2.701	3.496	/m/01d3sd
0WnknjrATdA_40000	4.679	5.529	/m/01d3sd
0WnknjrATdA_40000	6.497	7.355	/m/01d3sd
0WnknjrATdA_40000	8.344	9.139	/m/01d3sd
0mgIsS0wKro_30000	0.512	2.164	/m/01d3sd
0mgIsS0wKro_30000	3.956	5.851	/m/01d3sd
0mgIsS0wKro_30000	7.593	9.539	/m/01d3sd
0uuCpTLL594_27000	1.727	3.397	/m/01d3sd
1HQiWO_XJ6M_1000	2.137	3.278	/m/01d3sd
1JNYLJtHR5U_30000	0.0	1.303	/m/01d3sd
1JNYLJtHR5U_30000	5.598	7.364	/m/01d3sd
1XTHCpBJLFQ_40000	0.0	1.633	/m/01d3sd
1XTHCpBJLFQ_40000	1.776	3.141	/m/01d3sd
1XTHCpBJLFQ_40000	3.589	5.598	/m/01d3sd
1XTHCpBJLFQ_40000	5.749	7.156	/m/01d3sd
1XTHCpBJLFQ_40000	7.502	9.368	/m/01d3sd
1XTHCpBJLFQ_40000	9.609	10.0	/m/01d3sd
1YoChLI2bkg_10000	0.0	0.354	/m/01d3sd
1YoChLI2bkg_10000	1.913	3.598	/m/01d3sd
1YoChLI2bkg_10000	5.48	6.83	/m/01d3sd
1YoChLI2bkg_10000	8.362	10.0	/m/01d3sd
1aGAirBjaNg_7000	1.331	2.26	/m/01d3sd
1aGAirBjaNg_7000	5.3	5.622	/m/01d3sd
1bOXPrzHVlc_70000	0.0	1.321	/m/01d3sd
1bOXPrzHVlc_70000	3.239	4.88	/m/01d3sd
1bOXPrzHVlc_70000	6.951	8.576	/m/01d3sd
1fZj2Z3lAfc_10000	0.469	1.935	/m/01d3sd
1fZj2Z3lAfc_10000	3.883	4.956	/m/01d3sd
1fZj2Z3lAfc_10000	6.836	7.882	/m/01d3sd
1fZj2Z3lAfc_10000	9.538	10.0	/m/01d3sd
1nNO8Ql6rbY_210000	0.363	0.769	/m/07q0yl5
1ybFpI3FFX4_210000	1.256	1.752	/m/01d3sd
2-2XyMKd2DI_30000	0.714	2.432	/m/01d3sd
2-2XyMKd2DI_30000	5.63	7.454	/m/01d3sd
25LXKz3wBrk_10000	0.0	2.41	/m/01d3sd
25LXKz3wBrk_10000	2.727	5.416	/m/01d3sd
25LXKz3wBrk_10000	8.34	10.0	/m/01d3sd
2C39wkiTRd0_30000	0.774	2.132	/m/01d3sd
2C39wkiTRd0_30000	4.813	6.185	/m/01d3sd
2C39wkiTRd0_30000	9.552	10.0	/m/01d3sd
2IIvxnxWZ74_50000	0.0	7.398	/m/01d3sd
2IIvxnxWZ74_50000	8.803	9.591	/m/01d3sd
2JMeT79Jyh8_80000	0.4	2.286	/m/01d3sd
2JMeT79Jyh8_80000	3.992	6.048	/m/01d3sd
2JMeT79Jyh8_80000	7.612	9.685	/m/01d3sd
2KAXiIYmv54_80000	0.0	0.973	/m/01d3sd
2KAXiIYmv54_80000	2.464	3.825	/m/01d3sd
2KAXiIYmv54_80000	5.124	5.639	/m/01d3sd
2ZnpFP5QXp8_50000	0.0	10.0	/m/01d3sd
2bcpaKT6FiY_0	0.052	0.197	/m/01d3sd
2bcpaKT6FiY_0	2.659	4.72	/m/01d3sd
2bcpaKT6FiY_0	8.066	10.0	/m/01d3sd
2iwKe2kO6mo_30000	7.013	8.636	/m/01d3sd
2ob8FzY4OZ0_30000	0.0	0.315	/m/07q0yl5
2ob8FzY4OZ0_30000	1.752	2.957	/m/07q0yl5
2ob8FzY4OZ0_30000	3.8	4.609	/m/07q0yl5
2ob8FzY4OZ0_30000	5.543	6.359	/m/07q0yl5
2pdnlXllNZk_80000	1.076	3.364	/m/01d3sd
2pdnlXllNZk_80000	4.416	6.485	/m/01d3sd
2pdnlXllNZk_80000	7.804	10.0	/m/01d3sd
2rM5rZ4wTn8_40000	0.0	2.686	/m/01d3sd
2rM5rZ4wTn8_40000	3.838	5.508	/m/01d3sd
31jKxU1mKAw_40000	0.0	1.788	/m/01d3sd
31jKxU1mKAw_40000	3.531	5.342	/m/01d3sd
31jKxU1mKAw_40000	7.867	9.879	/m/01d3sd
34LwyZPAamw_160000	8.545	10.0	/m/01d3sd
399Vssvn81k_40000	2.159	3.601	/m/01d3sd
399Vssvn81k_40000	5.551	6.888	/m/01d3sd
399Vssvn81k_40000	8.82	10.0	/m/01d3sd
3U7MgfDTL7Q_130000	0.0	1.143	/m/01d3sd
3U7MgfDTL7Q_130000	1.988	3.125	/m/01d3sd
3U7MgfDTL7Q_130000	4.059	5.611	/m/01d3sd
3U7MgfDTL7Q_130000	6.269	7.398	/m/01d3sd
3U7MgfDTL7Q_130000	7.755	9.201	/m/01d3sd
3U7MgfDTL7Q_130000	9.347	10.0	/m/01d3sd
3a-Yo8NApp4_40000	1.354	2.946	/m/01d3sd
3a-Yo8NApp4_40000	5.253	5.838	/m/01d3sd
3a-Yo8NApp4_40000	6.748	7.479	/m/01d3sd
3a-Yo8NApp4_40000	9.81	10.0	/m/01d3sd
3cwJLv-D_hI_20000	0.0	1.234	/m/01d3sd
3cwJLv-D_hI_20000	2.154	3.295	/m/01d3sd
3cwJLv-D_hI_20000	4.354	5.518	/m/01d3sd
3cwJLv-D_hI_20000	6.543	7.788	/m/01d3sd
3cwJLv-D_hI_20000	8.813	10.0	/m/01d3sd
3dcKjAn4U6w_10000	0.008	0.759	/m/01d3sd
3dcKjAn4U6w_10000	2.158	3.984	/m/01d3sd
3dcKjAn4U6w_10000	5.31	7.254	/m/01d3sd
3dcKjAn4U6w_10000	8.469	10.0	/m/01d3sd
3fbmK7ru-2E_70000	0.573	3.547	/m/01d3sd
3fbmK7ru-2E_70000	5.489	8.966	/m/01d3sd
3iKEm4hSO3A_40000	1.109	2.314	/m/01d3sd
3iKEm4hSO3A_40000	4.151	5.363	/m/01d3sd
3iKEm4hSO3A_40000	7.31	8.742	/m/01d3sd
3j0W67ZPNWs_0	0.156	1.684	/m/01d3sd
3j0W67ZPNWs_0	5.315	6.981	/m/01d3sd
3j0W67ZPNWs_0	9.755	10.0	/m/01d3sd
3kJmzZDyCVs_10000	0.0	1.412	/m/01d3sd
3kJmzZDyCVs_10000	3.076	4.622	/m/01d3sd
3kJmzZDyCVs_10000	6.168	7.619	/m/01d3sd
3kJmzZDyCVs_10000	9.715	10.0	/m/01d3sd
3lbJzkctdDM_30000	0.154	1.14	/m/01d3sd
3lbJzkctdDM_30000	2.586	4.11	/m/01d3sd
3lbJzkctdDM_30000	5.749	7.298	/m/01d3sd
3lbJzkctdDM_30000	8.924	10.0	/m/01d3sd
40GvrkNyQR8_20000	1.002	3.719	/m/01d3sd
40GvrkNyQR8_20000	5.759	7.938	/m/01d3sd
4AOaHKXHyM0_20000	1.646	3.369	/m/07q0yl5
4AOaHKXHyM0_20000	4.815	6.618	/m/07q0yl5
4AOaHKXHyM0_20000	8.178	9.867	/m/07q0yl5
4Dgsprnpcdg_0	1.28	2.762	/m/01d3sd
4Dgsprnpcdg_0	4.801	6.208	/m/01d3sd
4Dgsprnpcdg_0	7.515	9.793	/m/01d3sd
4Hd_qTtDWTU_110000	0.0	1.036	/m/01d3sd
4Hd_qTtDWTU_110000	3.795	5.763	/m/01d3sd
4Hd_qTtDWTU_110000	9.127	10.0	/m/01d3sd
4K7j41NMsoI_10000	6.061	6.776	/m/07q0yl5
4M8CFX38RpQ_30000	8.583	10.0	/m/01d3sd
4WkuPkkSCG0_100000	1.457	2.102	/m/07q0yl5
4_C20Dw7G_4_10000	5.972	7.09	/m/01d3sd
4_C20Dw7G_4_10000	8.778	9.656	/m/01d3sd
4hxX-BPWQGY_0	0.053	2.122	/m/01d3sd
4hxX-BPWQGY_0	4.898	6.938	/m/01d3sd
4izHKEKHmWU_90000	7.953	9.575	/m/01d3sd
59MqKY5md9w_20000	0.0	0.896	/m/01d3sd
5EboRT7Dcaw_90000	1.419	3.442	/m/01d3sd
5EboRT7Dcaw_90000	5.854	7.706	/m/01d3sd
5ICrq2XZjKo_20000	9.583	10.0	/m/01d3sd
5h6SXrBajvs_60000	5.944	6.193	/m/07q0yl5
5m41xxZTSLY_0	0.019	0.61	/m/01d3sd
5m41xxZTSLY_0	3.324	4.376	/m/01d3sd
5m41xxZTSLY_0	7.577	8.479	/m/01d3sd
5qNwRM09NSk_4000	0.623	1.589	/m/07q0yl5
5qNwRM09NSk_4000	2.085	3.125	/m/07q0yl5
5qNwRM09NSk_4000	3.344	3.596	/m/07q0yl5
5qNwRM09NSk_4000	4.197	4.546	/m/07q0yl5
5qNwRM09NSk_4000	4.896	5.651	/m/07q0yl5
61X1X_LmORw_90000	0.526	0.786	/m/01d3sd
6E55m6z8nmY_220000	0.835	2.323	/m/01d3sd
6E55m6z8nmY_220000	3.26	4.654	/m/01d3sd
6E55m6z8nmY_220000	5.654	6.953	/m/01d3sd
6E55m6z8nmY_220000	8.189	9.11	/m/01d3sd
6E55m6z8nmY_220000	9.283	9.433	/m/01d3sd
6HPId1u-PRc_60000	7.759	8.166	/m/07q0yl5
6OYnVK1T8vo_50000	0.0	2.459	/m/01d3sd
6OYnVK1T8vo_50000	2.8	3.832	/m/01d3sd
6OYnVK1T8vo_50000	4.051	7.95	/m/01d3sd
6OYnVK1T8vo_50000	9.031	10.0	/m/01d3sd
6h8x8NBok0o_30000	3.406	5.122	/m/01d3sd
6h8x8NBok0o_30000	6.927	8.412	/m/01d3sd
6ipDwi_KdlE_40000	1.121	2.87	/m/01d3sd
6ipDwi_KdlE_40000	6.435	8.019	/m/01d3sd
6p4YV8ISD1k_250000	6.85	8.047	/m/07q0yl5
6wcVDVP0rio_60000	4.346	6.898	/m/01d3sd
6xdLGyrbtJM_0	0.0	1.219	/m/01d3sd
6xdLGyrbtJM_0	3.777	5.335	/m/01d3sd
6xdLGyrbtJM_0	8.42	9.594	/m/01d3sd
6yYCjyan-VY_20000	2.709	3.102	/m/07q0yl5
71iXgJIvlTg_80000	0.278	0.876	/m/01d3sd
71iXgJIvlTg_80000	2.87	3.742	/m/01d3sd
72uM_Wz4ItI_10000	0.0	0.886	/m/01d3sd
72uM_Wz4ItI_10000	1.047	2.379	/m/01d3sd
72uM_Wz4ItI_10000	2.54	3.632	/m/01d3sd
72uM_Wz4ItI_10000	3.989	4.83	/m/01d3sd
72uM_Wz4ItI_10000	5.009	6.19	/m/01d3sd
72uM_Wz4ItI_10000	6.682	7.442	/m/01d3sd
72uM_Wz4ItI_10000	7.621	8.801	/m/01d3sd
72uM_Wz4ItI_10000	9.07	10.0	/m/01d3sd
74w7axBmknQ_13000	0.0	0.878	/m/07q0yl5
74w7axBmknQ_13000	5.793	8.419	/m/07q0yl5
7LVjivoNNzk_0	9.016	10.0	/m/01d3sd
7PnbaD9fIjs_180000	9.016	10.0	/m/01d3sd
7asxHxnNk4Y_0	0.661	2.646	/m/01d3sd
7asxHxnNk4Y_0	5.008	6.803	/m/01d3sd
7asxHxnNk4Y_0	9.11	10.0	/m/01d3sd
7gllf7x8Ktw_0	1.311	3.145	/m/01d3sd
7gllf7x8Ktw_0	4.345	6.267	/m/01d3sd
7gllf7x8Ktw_0	7.769	9.595	/m/01d3sd
81xMhkd8lCI_40000	1.005	2.802	/m/01d3sd
81xMhkd8lCI_40000	4.203	6.676	/m/01d3sd
81xMhkd8lCI_40000	7.304	7.672	/m/01d3sd
81xMhkd8lCI_40000	9.14	9.459	/m/01d3sd
8IfmSpOxs4g_10000	8.433	9.565	/m/01d3sd
8kNDCLtz8bY_80000	0.015	0.692	/m/01d3sd
8kNDCLtz8bY_80000	1.561	2.548	/m/01d3sd
8kNDCLtz8bY_80000	3.55	4.558	/m/01d3sd
8kNDCLtz8bY_80000	5.339	6.525	/m/01d3sd
8kNDCLtz8bY_80000	7.504	8.432	/m/01d3sd
8uAakw-p9Sc_0	1.061	2.109	/m/01d3sd
8uAakw-p9Sc_0	3.669	5.188	/m/01d3sd
8uAakw-p9Sc_0	6.8	7.927	/m/01d3sd
8uDXjGqs7ro_50000	0.0	0.51	/m/01d3sd
8uDXjGqs7ro_50000	3.524	4.58	/m/01d3sd
8uDXjGqs7ro_50000	6.83	8.721	/m/01d3sd
8xNysLOy6mw_30000	9.693	10.0	/m/07q0yl5
976uMf7bXHs_0	0.0	1.695	/m/07q0yl5
976uMf7bXHs_0	2.047	2.773	/m/07q0yl5
976uMf7bXHs_0	3.244	4.184	/m/07q0yl5
9TxVsZjXCVM_10000	7.197	8.606	/m/01d3sd
9dMQJcZcD5I_0	2.299	3.61	/m/01d3sd
9dMQJcZcD5I_0	3.872	6.04	/m/01d3sd
9dMQJcZcD5I_0	7.089	7.561	/m/01d3sd
9dMQJcZcD5I_0	9.677	10.0	/m/01d3sd
9vKranle5eU_60000	0.56	1.467	/m/01d3sd
9vKranle5eU_60000	3.845	4.443	/m/01d3sd
9wdaoEFXToQ_20000	2.554	3.983	/m/01d3sd
9wdaoEFXToQ_20000	6.477	7.719	/m/01d3sd
9wdaoEFXToQ_20000	9.783	10.0	/m/01d3sd
9zHI4qphDXE_60000	6.501	7.043	/m/01d3sd
9zHI4qphDXE_60000	8.157	8.856	/m/01d3sd
A7jJxN5uvxA_13000	0.313	1.275	/m/01d3sd
A7jJxN5uvxA_13000	1.844	2.717	/m/01d3sd
A7jJxN5uvxA_13000	3.438	4.242	/m/01d3sd
A7jJxN5uvxA_13000	4.735	5.602	/m/01d3sd
A7jJxN5uvxA_13000	6.196	7.24	/m/01d3sd
A7jJxN5uvxA_13000	7.658	8.644	/m/01d3sd
A7jJxN5uvxA_13000	9.043	9.204	/m/01d3sd
ABCSgtiQCvM_60000	0.0	1.11	/m/01d3sd
ABCSgtiQCvM_60000	3.24	4.907	/m/01d3sd
ABCSgtiQCvM_60000	6.587	8.185	/m/01d3sd
AEcNBXnPKU4_0	1.422	2.22	/m/01d3sd
AEcNBXnPKU4_0	5.087	6.035	/m/01d3sd
AEcNBXnPKU4_0	8.473	9.345	/m/01d3sd
AGsPwYz6-SY_0	8.418	9.674	/m/01d3sd
AKLiW8ibjIE_10000	8.911	10.0	/m/01d3sd
AN3aFNFXXt0_20000	0.83	2.535	/m/01d3sd
AN3aFNFXXt0_20000	6.669	8.0	/m/01d3sd
AZkCoa42lis_30000	0.245	1.828	/m/01d3sd
AZkCoa42lis_30000	5.25	6.973	/m/01d3sd
AmA3_1xDLZY_30000	6.354	7.416	/m/01d3sd
BBTAciSOgiU_260000	0.225	2.247	/m/01d3sd
BBTAciSOgiU_260000	4.441	6.098	/m/01d3sd
BBTAciSOgiU_260000	8.356	10.0	/m/01d3sd
BCfnxbq7t20_30000	0.0	0.899	/m/01d3sd
BCfnxbq7t20_30000	3.937	4.969	/m/01d3sd
BCfnxbq7t20_30000	6.407	7.008	/m/01d3sd
BCfnxbq7t20_30000	8.446	9.071	/m/01d3sd
BCfnxbq7t20_30000	9.819	10.0	/m/01d3sd
BOIgazC1uGY_4000	0.0	1.112	/m/01d3sd
BOIgazC1uGY_4000	1.303	1.712	/m/01d3sd
BOIgazC1uGY_4000	1.853	3.68	/m/01d3sd
BOIgazC1uGY_4000	4.331	5.826	/m/01d3sd
BTDG8u-q1Gg_90000	8.311	10.0	/m/01d3sd
BUfY8Wq0iNg_21000	8.946	9.196	/m/07q0yl5
BqN4CEnrElU_30000	1.165	2.236	/m/01d3sd
BqN4CEnrElU_30000	5.661	6.37	/m/01d3sd
BvqiDcEIC78_50000	0.406	1.708	/m/01d3sd
BvqiDcEIC78_50000	4.071	5.771	/m/01d3sd
BvqiDcEIC78_50000	8.277	9.488	/m/01d3sd
C1BgaLEybLY_360000	7.047	8.315	/m/01d3sd
C2VeDxyMLHo_170000	0.0	0.54	/m/01d3sd
C2VeDxyMLHo_170000	0.773	2.21	/m/01d3sd
C2VeDxyMLHo_170000	2.402	4.333	/m/01d3sd
C2VeDxyMLHo_170000	4.622	5.571	/m/01d3sd
C2VeDxyMLHo_170000	5.818	8.052	/m/01d3sd
C2VeDxyMLHo_170000	8.237	9.509	/m/01d3sd
C2VeDxyMLHo_170000	9.701	10.0	/m/01d3sd
CCyWqBObsrw_10000	0.65	1.454	/m/01d3sd
CCyWqBObsrw_10000	3.117	3.907	/m/01d3sd
CCyWqBObsrw_10000	5.364	6.402	/m/01d3sd
CCyWqBObsrw_10000	7.907	8.643	/m/01d3sd
CJiHxiBpsJ4_28000	2.96	3.293	/m/07q0yl5
CJiHxiBpsJ4_28000	3.47	3.725	/m/07q0yl5
CJiHxiBpsJ4_28000	4.424	5.011	/m/07q0yl5
CJiHxiBpsJ4_28000	5.222	5.399	/m/07q0yl5
CJiHxiBpsJ4_28000	7.894	8.193	/m/07q0yl5
CM65vu_qcnM_10000	0.766	2.897	/m/01d3sd
CM65vu_qcnM_10000	4.56	5.825	/m/01d3sd
CM65vu_qcnM_10000	5.942	6.478	/m/01d3sd
CM65vu_qcnM_10000	7.138	8.237	/m/01d3sd
CM65vu_qcnM_10000	9.495	10.0	/m/01d3sd
CRlfJU17byA_30000	5.919	6.91	/m/07q0yl5
CRs1I18QbIo_0	1.371	1.729	/m/07q0yl5
ChTgnMg6E4w_7000	7.685	8.409	/m/07q0yl5
Ci8eh3WH28I_40000	4.514	5.164	/m/07q0yl5
CjveuFoU_dQ_0	0.72	2.686	/m/01d3sd
CjveuFoU_dQ_0	5.074	6.983	/m/01d3sd
CjveuFoU_dQ_0	8.957	10.0	/m/01d3sd
Ck0nrxefKQA_50000	0.0	0.339	/m/07q0yl5
Ck0nrxefKQA_50000	0.937	1.173	/m/07q0yl5
Ck0nrxefKQA_50000	2.071	2.331	/m/07q0yl5
Ck0nrxefKQA_50000	3.646	3.85	/m/07q0yl5
Ck0nrxefKQA_50000	4.071	4.307	/m/07q0yl5
Ck0nrxefKQA_50000	4.488	4.811	/m/07q0yl5
Ck0nrxefKQA_50000	4.969	5.213	/m/07q0yl5
Ck0nrxefKQA_50000	6.134	6.583	/m/07q0yl5
Ck0nrxefKQA_50000	8.89	9.244	/m/07q0yl5
Ck0nrxefKQA_50000	9.417	9.693	/m/07q0yl5
CoNXBK72Cj4_20000	1.502	2.596	/m/01d3sd
CoNXBK72Cj4_20000	3.737	4.575	/m/01d3sd
CoNXBK72Cj4_20000	6.193	6.764	/m/01d3sd
CoNXBK72Cj4_20000	8.848	9.383	/m/01d3sd
DDJ2B4vpC2k_20000	4.953	5.969	/m/01d3sd
DJ8Sfyoq6AU_220000	3.907	5.144	/m/01d3sd
DJ8Sfyoq6AU_220000	5.866	7.083	/m/01d3sd
DJ8Sfyoq6AU_220000	7.777	9.742	/m/01d3sd
DJ8qKlE8rBs_100000	4.512	5.984	/m/01d3sd
DOzc8GAQq8A_20000	3.976	5.402	/m/01d3sd
DOzc8GAQq8A_20000	6.937	8.74	/m/01d3sd
DQh9RWUJ_IU_20000	1.419	2.637	/m/01d3sd
DQh9RWUJ_IU_20000	5.196	6.748	/m/01d3sd
DRGGKJzKy6Y_60000	2.611	3.839	/m/01d3sd
DX4MtfxBSGo_50000	1.023	2.122	/m/01d3sd
DX4MtfxBSGo_50000	3.574	4.959	/m/01d3sd
DX4MtfxBSGo_50000	6.749	8.014	/m/01d3sd
Dk6ejT8ahOs_20000	0.42	2.499	/m/01d3sd
Dk6ejT8ahOs_20000	5.221	6.951	/m/01d3sd
Dp4AJA2a5Kw_10000	0.719	2.127	/m/07q0yl5
Dp4AJA2a5Kw_10000	4.652	5.963	/m/07q0yl5
Dp4AJA2a5Kw_10000	8.622	9.438	/m/07q0yl5
E2T_6plHQz8_2000	1.03	1.736	/m/07q0yl5
E5cv-INI2aw_10000	9.535	10.0	/m/01d3sd
E6C5mnVAfHc_0	1.474	3.426	/m/01d3sd
E6C5mnVAfHc_0	5.33	7.406	/m/01d3sd
E6C5mnVAfHc_0	9.557	10.0	/m/01d3sd
E6zS7faz3qM_540000	3.702	4.059	/m/07q0yl5
EAuXf_b5xS8_10000	0.0	1.407	/m/01d3sd
EIk26cyUjUM_50000	2.849	5.209	/m/01d3sd
EIk26cyUjUM_50000	9.274	10.0	/m/01d3sd
EdxEkYhB9LY_0	1.307	2.189	/m/01d3sd
EdxEkYhB9LY_0	3.26	3.551	/m/01d3sd
EdxEkYhB9LY_0	4.087	4.465	/m/01d3sd
EdxEkYhB9LY_0	4.693	5.819	/m/01d3sd
EdxEkYhB9LY_0	6.071	6.496	/m/01d3sd
EdxEkYhB9LY_0	6.661	7.528	/m/01d3sd
EdxEkYhB9LY_0	7.78	8.787	/m/01d3sd
EdxEkYhB9LY_0	9.165	9.394	/m/01d3sd
EkL2GVvEGWk_240000	1.711	2.044	/m/07q0yl5
EuxMBJWWw4Q_150000	0.0	0.999	/m/01d3sd
EuxMBJWWw4Q_150000	3.706	5.556	/m/01d3sd
EuxMBJWWw4Q_150000	9.39	10.0	/m/01d3sd
F7QtqKtllK0_50000	0.0	1.117	/m/01d3sd
F7QtqKtllK0_50000	3.138	4.629	/m/01d3sd
F7QtqKtllK0_50000	6.217	7.722	/m/01d3sd
F7QtqKtllK0_50000	9.474	10.0	/m/01d3sd
F9AzjYVesfs_20000	1.211	2.689	/m/01d3sd
F9AzjYVesfs_20000	5.041	6.624	/m/01d3sd
F9AzjYVesfs_20000	9.534	10.0	/m/01d3sd
FCJcXN-uxhg_30000	0.828	2.438	/m/01d3sd
FCJcXN-uxhg_30000	5.305	7.088	/m/01d3sd
FPUSmJHpddU_200000	4.364	5.169	/m/07q0yl5
FPUSmJHpddU_200000	6.05	6.877	/m/07q0yl5
FPUSmJHpddU_200000	8.232	8.999	/m/07q0yl5
FRtZdWE3otE_10000	6.78	7.433	/m/01d3sd
FUR7yiZ0gFM_0	0.954	1.919	/m/07q0yl5
FUR7yiZ0gFM_0	2.268	3.76	/m/07q0yl5
FUR7yiZ0gFM_0	4.073	7.478	/m/07q0yl5
FUR7yiZ0gFM_0	7.656	10.0	/m/07q0yl5
FXRePlpbkY8_20000	9.654	10.0	/m/01d3sd
FbQs5XntyLg_22000	1.227	2.053	/m/01d3sd
FbQs5XntyLg_22000	4.151	5.161	/m/01d3sd
FbQs5XntyLg_22000	7.362	8.521	/m/01d3sd
Fz5YsV57Fk4_90000	1.992	3.205	/m/01d3sd
GAy72prRnW8_0	2.323	2.772	/m/07q0yl5
GE8sxBOgTsw_40000	2.58	3.73	/m/01d3sd
GE8sxBOgTsw_40000	5.556	6.976	/m/01d3sd
GE8sxBOgTsw_40000	8.879	10.0	/m/01d3sd
G_UeLVN0zXM_50000	0.0	1.906	/m/01d3sd
G_UeLVN0zXM_50000	4.538	7.243	/m/01d3sd
Gg5LwxHGwFE_10000	0.0	0.444	/m/01d3sd
Gg5LwxHGwFE_10000	2.686	3.567	/m/01d3sd
Gg5LwxHGwFE_10000	5.696	6.727	/m/01d3sd
Gg5LwxHGwFE_10000	8.57	9.669	/m/01d3sd
GnPJETzTfKY_90000	1.129	2.634	/m/01d3sd
GnPJETzTfKY_90000	4.846	6.403	/m/01d3sd
GnPJETzTfKY_90000	8.661	10.0	/m/01d3sd
HPTycIovzxY_100000	0.0	2.157	/m/01d3sd
HPTycIovzxY_100000	5.465	7.874	/m/01d3sd
HQpgkH2xGPg_20000	0.272	1.158	/m/01d3sd
HQpgkH2xGPg_20000	1.681	2.237	/m/01d3sd
HZkf_MYRRnU_60000	7.614	10.0	/m/01d3sd
HdVkCC-TE5s_30000	0.0	0.11	/m/07q0yl5
HdVkCC-TE5s_30000	0.606	0.874	/m/07q0yl5
HdVkCC-TE5s_30000	1.323	1.583	/m/07q0yl5
HdVkCC-TE5s_30000	1.992	2.315	/m/07q0yl5
HdVkCC-TE5s_30000	2.772	3.047	/m/07q0yl5
HdVkCC-TE5s_30000	3.488	3.772	/m/07q0yl5
HdVkCC-TE5s_30000	4.205	4.567	/m/07q0yl5
HdVkCC-TE5s_30000	4.969	5.26	/m/07q0yl5
HdVkCC-TE5s_30000	5.732	6.024	/m/07q0yl5
HdVkCC-TE5s_30000	6.449	6.78	/m/07q0yl5
HdVkCC-TE5s_30000	7.205	7.512	/m/07q0yl5
HdVkCC-TE5s_30000	7.937	8.268	/m/07q0yl5
Hv2rz5qTvXs_10000	9.409	10.0	/m/01d3sd
Hy5E2VB85NY_30000	0.005	1.484	/m/07q0yl5
Hy5E2VB85NY_30000	3.044	4.148	/m/07q0yl5
Hy5E2VB85NY_30000	5.586	6.943	/m/07q0yl5
Hy5E2VB85NY_30000	8.6	9.835	/m/07q0yl5
I7pqY1J7tbg_100000	0.0	1.046	/m/01d3sd
I7pqY1J7tbg_100000	3.755	4.59	/m/01d3sd
I7pqY1J7tbg_100000	5.192	5.613	/m/01d3sd
IL_wLVs4pGU_30000	5.189	8.165	/m/01d3sd
IUoa-VO4fS0_1000	1.132	1.364	/m/07q0yl5
I_xoipedVak_70000	7.309	9.574	/m/01d3sd
IyZoyy7hA-4_50000	3.811	4.976	/m/01d3sd
J8DIQV-Kb-8_50000	7.236	9.016	/m/01d3sd
JGu5Ja4Ueco_10000	0.85	2.689	/m/01d3sd
JGu5Ja4Ueco_10000	4.249	5.926	/m/01d3sd
JGu5Ja4Ueco_10000	7.567	9.162	/m/01d3sd
JOqHFW7Vd2k_16000	8.945	9.339	/m/07q0yl5
JPTVIlGz0qI_310000	0.0	1.232	/m/01d3sd
JPTVIlGz0qI_310000	2.922	4.798	/m/01d3sd
JPTVIlGz0qI_310000	6.667	8.226	/m/01d3sd
JUfqY02LE8o_30000	8.568	10.0	/m/01d3sd
JWwS4TNA3Z8_60000	0.32	3.529	/m/01d3sd
JWwS4TNA3Z8_60000	3.701	6.828	/m/01d3sd
JWwS4TNA3Z8_60000	7.014	10.0	/m/01d3sd
JXOesgXxWEo_20000	0.0	0.143	/m/01d3sd
JXOesgXxWEo_20000	0.813	2.082	/m/01d3sd
JXOesgXxWEo_20000	2.278	3.696	/m/01d3sd
JXOesgXxWEo_20000	4.206	5.401	/m/01d3sd
JXOesgXxWEo_20000	6.219	7.138	/m/01d3sd
JXOesgXxWEo_20000	9.411	10.0	/m/01d3sd
JlPhzhxpNW4_30000	0.952	3.303	/m/01d3sd
JlPhzhxpNW4_30000	5.674	7.736	/m/01d3sd
JrW9JQiicGo_80000	1.445	2.498	/m/01d3sd
JrW9JQiicGo_80000	4.891	5.952	/m/01d3sd
JrW9JQiicGo_80000	6.471	7.088	/m/01d3sd
JrW9JQiicGo_80000	8.051	9.338	/m/01d3sd
JwN2qvSdFfw_20000	1.046	2.558	/m/01d3sd
JwN2qvSdFfw_20000	5.5	7.005	/m/01d3sd
JwN2qvSdFfw_20000	9.594	10.0	/m/01d3sd
JyU-8vVmQek_60000	1.419	2.857	/m/01d3sd
JyU-8vVmQek_60000	4.197	5.253	/m/01d3sd
JyU-8vVmQek_60000	6.813	7.893	/m/01d3sd
JyU-8vVmQek_60000	9.81	10.0	/m/01d3sd
JzSqgY1sxgU_30000	0.141	1.178	/m/01d3sd
JzSqgY1sxgU_30000	2.996	3.892	/m/01d3sd
JzSqgY1sxgU_30000	6.261	7.273	/m/01d3sd
JzSqgY1sxgU_30000	9.065	10.0	/m/01d3sd
K6RuApC33J4_20000	8.394	10.0	/m/01d3sd
K9_jvU3WG90_30000	1.53	2.134	/m/07q0yl5
KAItJUveVr4_30000	7.73	9.623	/m/01d3sd
KD069bw-fk8_0	0.941	2.227	/m/01d3sd
KD069bw-fk8_0	3.996	5.049	/m/01d3sd
KD069bw-fk8_0	6.554	7.788	/m/01d3sd
KD069bw-fk8_0	9.413	10.0	/m/01d3sd
KuNFCISiU9E_10000	0.894	2.683	/m/01d3sd
KuNFCISiU9E_10000	4.897	6.628	/m/01d3sd
KuNFCISiU9E_10000	9.002	10.0	/m/01d3sd
KyHIWhU-3ZQ_50000	0.115	1.741	/m/01d3sd
KyHIWhU-3ZQ_50000	3.854	5.903	/m/01d3sd
KyHIWhU-3ZQ_50000	8.067	10.0	/m/01d3sd
L71QGOYrpiM_60000	0.571	1.767	/m/01d3sd
L71QGOYrpiM_60000	2.002	2.846	/m/01d3sd
L71QGOYrpiM_60000	4.284	5.356	/m/01d3sd
L71QGOYrpiM_60000	5.543	6.394	/m/01d3sd
L71QGOYrpiM_60000	7.721	8.904	/m/01d3sd
L71QGOYrpiM_60000	9.139	9.886	/m/01d3sd
LDkNk5PzhF0_30000	0.0	0.709	/m/01d3sd
LDkNk5PzhF0_30000	3.094	5.26	/m/01d3sd
LPRireI8_RE_0	0.497	0.989	/m/01d3sd
LPRireI8_RE_0	3.187	3.91	/m/01d3sd
LPRireI8_RE_0	6.588	7.773	/m/01d3sd
LPRireI8_RE_0	9.728	10.0	/m/01d3sd
LVsouY-7Eis_50000	9.638	10.0	/m/01d3sd
LhyYF_Rxgmw_50000	9.071	10.0	/m/01d3sd
LyoUY-7rfpo_50000	1.934	3.461	/m/01d3sd
LyoUY-7rfpo_50000	6.035	7.788	/m/01d3sd
M0vwoUeXfLU_30000	0.0	0.412	/m/01d3sd
M0vwoUeXfLU_30000	0.737	1.719	/m/01d3sd
M0vwoUeXfLU_30000	1.825	3.864	/m/01d3sd
M0vwoUeXfLU_30000	4.092	5.172	/m/01d3sd
M0vwoUeXfLU_30000	5.399	5.651	/m/01d3sd
M0vwoUeXfLU_30000	7.365	8.478	/m/01d3sd
M4zWHABaGMs_160000	8.732	9.591	/m/07q0yl5
MJe_-XmjOvQ_60000	2.023	4.651	/m/01d3sd
MJe_-XmjOvQ_60000	4.847	6.394	/m/01d3sd
MJe_-XmjOvQ_60000	7.334	9.865	/m/01d3sd
MXBSS-aVfr0_70000	1.793	3.929	/m/01d3sd
MXBSS-aVfr0_70000	6.147	8.543	/m/01d3sd
MbXTTqy_dA0_0	1.488	4.732	/m/01d3sd
MbXTTqy_dA0_0	6.876	9.165	/m/01d3sd
Md1-IjFM90I_60000	6.559	8.417	/m/01d3sd
MkEwSAVDL5U_20000	0.0	0.459	/m/01d3sd
MkEwSAVDL5U_20000	3.417	4.083	/m/01d3sd
MkEwSAVDL5U_20000	4.243	4.851	/m/01d3sd
MkEwSAVDL5U_20000	4.954	5.103	/m/01d3sd
MkEwSAVDL5U_20000	7.649	9.014	/m/01d3sd
MmS9c2_Jnbo_20000	0.46	1.484	/m/01d3sd
MmS9c2_Jnbo_20000	2.023	3.095	/m/01d3sd
MmS9c2_Jnbo_20000	3.51	4.533	/m/01d3sd
MmS9c2_Jnbo_20000	5.066	6.401	/m/01d3sd
MmS9c2_Jnbo_20000	7.002	7.728	/m/01d3sd
MmS9c2_Jnbo_20000	8.427	9.381	/m/01d3sd
MmS9c2_Jnbo_20000	9.941	10.0	/m/01d3sd
MrCm0omWfB0_30000	4.182	4.929	/m/01d3sd
MrCm0omWfB0_30000	5.071	5.723	/m/01d3sd
MrCm0omWfB0_30000	5.845	6.796	/m/01d3sd
MrCm0omWfB0_30000	6.918	7.576	/m/01d3sd
MrCm0omWfB0_30000	7.638	9.036	/m/01d3sd
MrCm0omWfB0_30000	9.124	9.647	/m/01d3sd
MrCm0omWfB0_30000	9.786	10.0	/m/01d3sd
NfllVi_t5oY_8000	0.778	2.201	/m/07q0yl5
O8oc0bS5uQg_0	0.377	1.29	/m/01d3sd
O8oc0bS5uQg_0	1.67	2.168	/m/01d3sd
O8oc0bS5uQg_0	3.579	5.19	/m/01d3sd
O8oc0bS5uQg_0	5.861	6.712	/m/01d3sd
OMu-1yoitj8_350000	2.995	3.474	/m/07q0yl5
OOCclrevEcQ_100000	2.122	2.924	/m/01d3sd
OOCclrevEcQ_100000	3.383	4.346	/m/01d3sd
OOCclrevEcQ_100000	8.211	9.736	/m/01d3sd
OUE5E1SJUfs_0	2.228	3.205	/m/01d3sd
OUE5E1SJUfs_0	5.433	6.583	/m/01d3sd
OUE5E1SJUfs_0	8.071	9.276	/m/01d3sd
OUE5E1SJUfs_0	9.425	9.874	/m/01d3sd
OYAjIJa6FlM_60000	2.199	5.302	/m/01d3sd
OZGOMnuMTsw_40000	1.536	3.128	/m/01d3sd
OZGOMnuMTsw_40000	4.86	6.103	/m/01d3sd
OZGOMnuMTsw_40000	7.696	8.897	/m/01d3sd
Of45ktMvkzQ_320000	1.536	1.825	/m/01d3sd
Of45ktMvkzQ_320000	3.309	3.55	/m/01d3sd
Of45ktMvkzQ_320000	4.87	5.406	/m/01d3sd
Of45ktMvkzQ_320000	6.725	7.179	/m/01d3sd
Of45ktMvkzQ_320000	8.581	9.096	/m/01d3sd
OmxVnsu07-A_10000	0.98	1.961	/m/01d3sd
OmxVnsu07-A_10000	3.865	4.885	/m/01d3sd
OmxVnsu07-A_10000	5.688	6.686	/m/01d3sd
OrsHnvVdUV8_70000	0.0	0.237	/m/01d3sd
OrsHnvVdUV8_70000	2.505	3.351	/m/01d3sd
OrsHnvVdUV8_70000	6.258	7.083	/m/01d3sd
Ow6TtjLXUXE_30000	0.0	0.534	/m/01d3sd
Ow6TtjLXUXE_30000	2.476	3.288	/m/01d3sd
Ow6TtjLXUXE_30000	5.207	6.298	/m/01d3sd
Ow6TtjLXUXE_30000	7.991	9.075	/m/01d3sd
P9Aw8OkCZd4_30000	0.0	0.502	/m/01d3sd
P9Aw8OkCZd4_30000	2.0	3.343	/m/01d3sd
P9Aw8OkCZd4_30000	4.928	6.222	/m/01d3sd
P9Aw8OkCZd4_30000	7.797	9.044	/m/01d3sd
PRarm4uFO38_10000	0.0	0.89	/m/01d3sd
PRarm4uFO38_10000	1.323	2.614	/m/01d3sd
PRarm4uFO38_10000	3.0	4.528	/m/01d3sd
PRarm4uFO38_10000	4.89	6.323	/m/01d3sd
PRarm4uFO38_10000	6.638	8.11	/m/01d3sd
PRarm4uFO38_10000	8.496	10.0	/m/01d3sd
PtyS2NEMad8_30000	0.0	1.571	/m/01d3sd
Q1lGnBYoZoM_40000	1.333	2.852	/m/01d3sd
QdifhT7WuOA_20000	0.0	0.127	/m/01d3sd
QdifhT7WuOA_20000	1.728	3.255	/m/01d3sd
QdifhT7WuOA_20000	5.026	6.431	/m/01d3sd
QdifhT7WuOA_20000	8.478	10.0	/m/01d3sd
QeIgn6j9Bcs_11000	7.253	7.675	/m/07q0yl5
QiG-NcsplCU_60000	0.0	0.323	/m/01d3sd
QiG-NcsplCU_60000	0.937	1.551	/m/01d3sd
QiG-NcsplCU_60000	1.685	3.283	/m/01d3sd
QiG-NcsplCU_60000	3.488	4.276	/m/01d3sd
QiG-NcsplCU_60000	4.441	6.11	/m/01d3sd
QiG-NcsplCU_60000	7.236	8.819	/m/01d3sd
QiG-NcsplCU_60000	9.276	10.0	/m/01d3sd
QmfRSZAa_0g_20000	9.496	10.0	/m/01d3sd
QoTpUNWHkt0_0	0.78	1.387	/m/01d3sd
QoTpUNWHkt0_0	4.118	5.361	/m/01d3sd
QoTpUNWHkt0_0	8.035	9.205	/m/01d3sd
Qz2jhO3gQ_8_70000	6.921	8.23	/m/01d3sd
R9doyFPKGdY_90000	0.967	2.471	/m/01d3sd
R9doyFPKGdY_90000	5.57	6.914	/m/01d3sd
RA4qTI5rDkM_40000	0.0	1.078	/m/01d3sd
RA4qTI5rDkM_40000	3.044	4.449	/m/01d3sd
RFaUaDMgvmM_30000	1.024	2.769	/m/01d3sd
RFaUaDMgvmM_30000	4.632	6.458	/m/01d3sd
RFaUaDMgvmM_30000	8.568	9.905	/m/01d3sd
RQYykqk8cKs_40000	7.291	8.575	/m/01d3sd
RQYykqk8cKs_40000	8.717	9.63	/m/07q0yl5
RRpFoQjHaUw_30000	0.802	2.434	/m/01d3sd
RRpFoQjHaUw_30000	4.083	5.879	/m/01d3sd
RRpFoQjHaUw_30000	7.918	9.412	/m/01d3sd
RYXqwHCFQF8_210000	3.434	3.677	/m/07q0yl5
RgmlxQndWPg_160000	2.123	3.855	/m/01d3sd
RgmlxQndWPg_160000	6.047	7.975	/m/01d3sd
RrQqU1xHXxM_10000	2.362	4.117	/m/01d3sd
RrQqU1xHXxM_10000	8.096	10.0	/m/01d3sd
S3YpNTbKo9A_40000	7.882	9.024	/m/01d3sd
S6Nhm39KyeM_90000	5.395	6.734	/m/01d3sd
S8e9dLI3KGk_23000	2.675	3.894	/m/07q0yl5
S8e9dLI3KGk_23000	6.493	7.2	/m/07q0yl5
SEPBKzyHRAY_150000	7.576	9.266	/m/07q0yl5
SMLZvna_HVk_20000	0.0	1.249	/m/01d3sd
SMLZvna_HVk_20000	2.423	4.101	/m/01d3sd
SMLZvna_HVk_20000	5.448	6.975	/m/01d3sd
SMLZvna_HVk_20000	8.307	9.827	/m/01d3sd
SNxfzOqtLOw_190000	0.218	0.965	/m/01d3sd
SNxfzOqtLOw_190000	1.338	1.975	/m/01d3sd
SNxfzOqtLOw_190000	2.348	3.053	/m/01d3sd
SNxfzOqtLOw_190000	3.302	4.077	/m/01d3sd
SNxfzOqtLOw_190000	4.305	5.467	/m/01d3sd
SNxfzOqtLOw_190000	5.654	6.338	/m/01d3sd
SNxfzOqtLOw_190000	6.566	7.479	/m/01d3sd
SNxfzOqtLOw_190000	9.111	9.886	/m/01d3sd
SULC89tVzbY_0	0.589	1.782	/m/01d3sd
SULC89tVzbY_0	3.881	5.516	/m/01d3sd
SULC89tVzbY_0	7.857	9.337	/m/01d3sd
Sf4KYq7fNWI_30000	0.182	1.074	/m/01d3sd
Sf4KYq7fNWI_30000	2.493	3.085	/m/01d3sd
Sf4KYq7fNWI_30000	4.848	5.16	/m/01d3sd
Sf4KYq7fNWI_30000	6.741	7.838	/m/01d3sd
Sf4KYq7fNWI_30000	8.827	10.0	/m/01d3sd
Sm4rrUYTrTk_30000	0.842	2.67	/m/01d3sd
Sm4rrUYTrTk_30000	2.849	4.002	/m/01d3sd
Sm4rrUYTrTk_30000	4.384	6.557	/m/01d3sd
Sm4rrUYTrTk_30000	8.738	10.0	/m/01d3sd
Sxuv9IhXH_U_190000	6.449	7.433	/m/01d3sd
Sxuv9IhXH_U_190000	7.709	8.315	/m/01d3sd
Sxuv9IhXH_U_190000	8.669	9.173	/m/01d3sd
T2mVH_FxZ78_30000	2.574	3.214	/m/07q0yl5
T2mVH_FxZ78_30000	5.48	5.941	/m/07q0yl5
T2mVH_FxZ78_30000	8.092	8.95	/m/07q0yl5
T5zgdQIpuTM_0	0.239	0.958	/m/01d3sd
T5zgdQIpuTM_0	3.558	4.879	/m/01d3sd
T5zgdQIpuTM_0	7.576	9.008	/m/01d3sd
T98j2xSPmNI_10000	0.0	0.381	/m/01d3sd
T98j2xSPmNI_10000	3.138	4.422	/m/01d3sd
T98j2xSPmNI_10000	5.113	6.33	/m/01d3sd
T98j2xSPmNI_10000	8.677	10.0	/m/01d3sd
TCcvn0XypSQ_110000	1.294	2.445	/m/01d3sd
TCcvn0XypSQ_110000	3.386	4.635	/m/01d3sd
TCcvn0XypSQ_110000	5.32	6.501	/m/01d3sd
TJP3HnwwTnQ_70000	0.0	0.376	/m/01d3sd
TJP3HnwwTnQ_70000	1.934	3.499	/m/01d3sd
TJP3HnwwTnQ_70000	5.184	6.727	/m/01d3sd
TJP3HnwwTnQ_70000	8.157	9.661	/m/01d3sd
TNySqAlo99M_20000	0.535	1.617	/m/01d3sd
TNySqAlo99M_20000	2.995	3.762	/m/01d3sd
TNySqAlo99M_20000	5.274	6.303	/m/01d3sd
TNySqAlo99M_20000	7.789	8.965	/m/01d3sd
TRRGpTkyYTk_30000	3.108	3.458	/m/01d3sd
TRRGpTkyYTk_30000	6.019	6.484	/m/01d3sd
Te6twXqfH7A_400000	8.031	8.808	/m/01d3sd
Te6twXqfH7A_400000	9.839	10.0	/m/01d3sd
Tof93_BEzko_50000	0.489	1.58	/m/01d3sd
Tof93_BEzko_50000	3.288	4.372	/m/01d3sd
Tof93_BEzko_50000	6.095	7.193	/m/01d3sd
Tof93_BEzko_50000	8.661	9.789	/m/01d3sd
U0lo72RtWJ8_0	9.32	10.0	/m/01d3sd
U0x7Ww9w0Ls_90000	0.838	1.983	/m/01d3sd
U0x7Ww9w0Ls_90000	3.352	4.665	/m/01d3sd
U0x7Ww9w0Ls_90000	6.243	7.332	/m/01d3sd
U0x7Ww9w0Ls_90000	8.883	10.0	/m/01d3sd
V4ieLWRqO60_10000	3.027	3.283	/m/07q0yl5
VCV16OaJNtM_40000	0.376	2.047	/m/01d3sd
VCV16OaJNtM_40000	3.95	5.47	/m/01d3sd
VCV16OaJNtM_40000	7.502	9.195	/m/01d3sd
VPSRpRgKh-U_60000	0.639	2.272	/m/01d3sd
VPSRpRgKh-U_60000	3.474	4.571	/m/01d3sd
VPSRpRgKh-U_60000	5.014	6.334	/m/01d3sd
VPSRpRgKh-U_60000	8.015	9.323	/m/01d3sd
VVQdMgKJgZA_70000	0.737	2.101	/m/01d3sd
VVQdMgKJgZA_70000	7.04	8.779	/m/01d3sd
Va9zGPFqUjE_30000	0.0	0.647	/m/01d3sd
Va9zGPFqUjE_30000	1.752	3.767	/m/01d3sd
Va9zGPFqUjE_30000	4.863	6.496	/m/01d3sd
Va9zGPFqUjE_30000	7.576	9.022	/m/01d3sd
VoQx_R_I1Vc_0	8.973	9.34	/m/01d3sd
VvFmLBMFhcI_10000	0.0	0.629	/m/01d3sd
VvFmLBMFhcI_10000	1.736	2.354	/m/01d3sd
VvFmLBMFhcI_10000	3.385	4.031	/m/01d3sd
VvFmLBMFhcI_10000	5.364	6.031	/m/01d3sd
VvFmLBMFhcI_10000	7.062	7.777	/m/01d3sd
VvFmLBMFhcI_10000	8.835	9.536	/m/01d3sd
Vy_5EfE2VjM_140000	3.823	5.529	/m/01d3sd
Vy_5EfE2VjM_140000	8.405	9.786	/m/01d3sd
W2sopeJPtec_20000	0.339	1.956	/m/01d3sd
W2sopeJPtec_20000	3.311	5.034	/m/01d3sd
W2sopeJPtec_20000	6.351	7.916	/m/01d3sd
W2sopeJPtec_20000	9.556	10.0	/m/01d3sd
W97EGJa5rCU_30000	1.165	1.472	/m/01d3sd
W97EGJa5rCU_30000	2.48	2.961	/m/01d3sd
W97EGJa5rCU_30000	4.094	4.551	/m/01d3sd
W97EGJa5rCU_30000	5.614	6.205	/m/01d3sd
W97EGJa5rCU_30000	7.063	7.677	/m/01d3sd
W97EGJa5rCU_30000	8.535	9.189	/m/01d3sd
WEnCqOnF8SQ_30000	8.512	9.52	/m/01d3sd
WH_wR-8OVds_20000	5.35	6.333	/m/01d3sd
WJB6aX-TFVU_240000	3.184	3.827	/m/01d3sd
WJB6aX-TFVU_240000	9.497	10.0	/m/01d3sd
WKaq0iaHleQ_30000	0.0	1.437	/m/01d3sd
WKaq0iaHleQ_30000	2.31	2.972	/m/01d3sd
WKaq0iaHleQ_30000	5.342	6.576	/m/01d3sd
WKaq0iaHleQ_30000	8.947	10.0	/m/01d3sd
WmzSoBg2DmI_0	6.714	10.0	/m/01d3sd
X0kZFnhy_Nw_300000	0.923	2.535	/m/01d3sd
X0kZFnhy_Nw_300000	4.34	6.352	/m/01d3sd
X0kZFnhy_Nw_300000	8.828	10.0	/m/01d3sd
XJXAPtF7OwY_100000	7.889	8.327	/m/07q0yl5
XQlV26Wy7kM_10000	0.0	1.101	/m/01d3sd
XQlV26Wy7kM_10000	2.382	3.726	/m/01d3sd
XQlV26Wy7kM_10000	5.186	6.581	/m/01d3sd
XQlV26Wy7kM_10000	7.99	9.257	/m/01d3sd
XSBBqBxv93s_10000	0.47	2.466	/m/01d3sd
XSBBqBxv93s_10000	4.346	6.479	/m/01d3sd
XSBBqBxv93s_10000	8.303	9.117	/m/01d3sd
XUgIiCBrMGE_30000	0.0	0.423	/m/01d3sd
XUgIiCBrMGE_30000	2.361	2.835	/m/01d3sd
XUgIiCBrMGE_30000	7.639	8.127	/m/01d3sd
XVHDmwTyeXc_20000	0.0	0.896	/m/01d3sd
XVHDmwTyeXc_20000	2.659	4.07	/m/01d3sd
XVHDmwTyeXc_20000	5.674	6.919	/m/01d3sd
XVHDmwTyeXc_20000	9.257	10.0	/m/01d3sd
XYFSuawd5_E_10000	1.299	2.989	/m/01d3sd
XYFSuawd5_E_10000	4.902	6.425	/m/01d3sd
XYFSuawd5_E_10000	8.799	10.0	/m/01d3sd
XaYhebd1XUw_220000	0.0	1.444	/m/01d3sd
XaYhebd1XUw_220000	2.736	4.121	/m/01d3sd
XaYhebd1XUw_220000	5.169	6.333	/m/01d3sd
XaYhebd1XUw_220000	8.3	9.674	/m/01d3sd
Xc3zFsgfks8_230000	9.039	9.496	/m/07q0yl5
YCsyW-bqcl4_0	3.874	5.063	/m/01d3sd
YEi20u2H_Ts_20000	0.0	2.37	/m/01d3sd
YEi20u2H_Ts_20000	5.914	8.51	/m/01d3sd
YFsdmEmgTcA_60000	1.439	1.636	/m/07q0yl5
YM8cou28PJc_10000	0.551	1.205	/m/01d3sd
YM8cou28PJc_10000	3.165	4.189	/m/01d3sd
YM8cou28PJc_10000	5.921	7.339	/m/01d3sd
YM8cou28PJc_10000	8.969	10.0	/m/01d3sd
YP_FXRhk81A_50000	0.0	0.377	/m/01d3sd
YP_FXRhk81A_50000	2.908	4.56	/m/01d3sd
YP_FXRhk81A_50000	7.168	8.973	/m/01d3sd
YRIuRB1EIt8_0	0.322	1.85	/m/01d3sd
YRIuRB1EIt8_0	4.049	5.543	/m/01d3sd
YRIuRB1EIt8_0	5.84	7.12	/m/01d3sd
YRIuRB1EIt8_0	7.542	9.181	/m/01d3sd
YRIuRB1EIt8_0	9.367	10.0	/m/01d3sd
YX2DZ_iJdeM_24000	0.0	0.816	/m/01d3sd
YX2DZ_iJdeM_24000	3.122	5.341	/m/01d3sd
YX2DZ_iJdeM_24000	7.658	9.311	/m/01d3sd
YoI5CLfLd6E_20000	0.38	1.039	/m/01d3sd
YoI5CLfLd6E_20000	3.537	4.868	/m/01d3sd
YoI5CLfLd6E_20000	6.375	6.898	/m/01d3sd
YoI5CLfLd6E_20000	8.995	10.0	/m/01d3sd
Ywwk_vpWxwQ_10000	1.543	3.992	/m/01d3sd
Ywwk_vpWxwQ_10000	5.252	6.706	/m/01d3sd
Ywwk_vpWxwQ_10000	7.953	9.63	/m/01d3sd
Z5T7jLQ28Qc_50000	7.213	7.827	/m/01d3sd
ZATT-lLCur0_120000	0.087	0.89	/m/01d3sd
ZBW8u6wka7Y_30000	0.0	2.175	/m/01d3sd
ZBW8u6wka7Y_30000	3.356	5.237	/m/01d3sd
ZBW8u6wka7Y_30000	6.96	9.195	/m/01d3sd
ZNU2hgeDpWk_20000	1.219	2.945	/m/01d3sd
ZNU2hgeDpWk_20000	4.865	5.858	/m/01d3sd
ZNU2hgeDpWk_20000	6.26	8.241	/m/01d3sd
ZYpGqHLTh6k_240000	8.323	8.874	/m/07q0yl5
_4n-dhygBmU_0	0.168	0.503	/m/07q0yl5
_4n-dhygBmU_0	3.492	3.743	/m/07q0yl5
_4n-dhygBmU_0	6.159	6.425	/m/07q0yl5
_4n-dhygBmU_0	8.743	9.036	/m/07q0yl5
_SmxJP4lU3Q_10000	2.31	4.327	/m/01d3sd
_SmxJP4lU3Q_10000	5.576	7.938	/m/01d3sd
_SmxJP4lU3Q_10000	8.503	9.631	/m/01d3sd
_VzCPSOx3qI_50000	5.213	6.598	/m/01d3sd
_ZhdaubizlE_120000	7.016	7.3	/m/07q0yl5
_qV--tcVAbA_0	2.134	3.604	/m/01d3sd
_qV--tcVAbA_0	4.695	6.351	/m/01d3sd
_qV--tcVAbA_0	7.763	9.157	/m/01d3sd
_qV--tcVAbA_0	9.648	10.0	/m/01d3sd
_ziN3wPqWNQ_40000	2.99	4.787	/m/01d3sd
_ziN3wPqWNQ_40000	5.067	8.27	/m/01d3sd
a6KmgeHZK0I_0	2.897	3.838	/m/01d3sd
a6KmgeHZK0I_0	6.697	7.457	/m/01d3sd
aCHElSiv6WM_0	0.0	0.301	/m/01d3sd
aCHElSiv6WM_0	1.889	3.153	/m/01d3sd
aCHElSiv6WM_0	4.898	6.148	/m/01d3sd
aCHElSiv6WM_0	8.066	9.383	/m/01d3sd
aSV-nut16bg_80000	8.216	9.772	/m/01d3sd
aShUPTY2YZU_0	0.027	6.543	/m/01d3sd
aUxWi-9eWik_360000	3.777	5.153	/m/01d3sd
a_Rjlu50TfA_0	7.465	8.567	/m/01d3sd
aeiXr2U079g_30000	2.546	2.835	/m/01d3sd
aeiXr2U079g_30000	3.701	3.969	/m/01d3sd
aeiXr2U079g_30000	4.601	4.856	/m/01d3sd
aeiXr2U079g_30000	6.382	6.622	/m/01d3sd
aeiXr2U079g_30000	7.639	7.88	/m/01d3sd
aeiXr2U079g_30000	9.062	9.406	/m/01d3sd
auFevFX79zs_30000	0.715	1.919	/m/01d3sd
auFevFX79zs_30000	5.673	6.163	/m/01d3sd
auFevFX79zs_30000	6.433	8.427	/m/01d3sd
b3EcxXRah7w_40000	1.485	3.035	/m/01d3sd
b3EcxXRah7w_40000	5.455	6.965	/m/01d3sd
b3EcxXRah7w_40000	9.552	10.0	/m/01d3sd
bEmxy3CnU3w_80000	1.591	2.024	/m/01d3sd
bEmxy3CnU3w_80000	2.876	3.021	/m/01d3sd
bEmxy3CnU3w_80000	3.412	3.907	/m/01d3sd
bEmxy3CnU3w_80000	4.787	4.973	/m/01d3sd
bEmxy3CnU3w_80000	5.681	5.845	/m/01d3sd
bEmxy3CnU3w_80000	6.711	6.952	/m/01d3sd
bEmxy3CnU3w_80000	7.632	7.99	/m/01d3sd
bEmxy3CnU3w_80000	9.289	9.577	/m/01d3sd
ba0n7qqddAU_23000	0.0	1.113	/m/01d3sd
ba0n7qqddAU_23000	4.584	5.65	/m/01d3sd
bbb63TfcYMo_6000	0.313	0.775	/m/07q0yl5
bbb63TfcYMo_6000	1.454	1.953	/m/07q0yl5
bbb63TfcYMo_6000	2.624	3.072	/m/07q0yl5
bbb63TfcYMo_6000	6.636	7.21	/m/07q0yl5
bbb63TfcYMo_6000	7.784	8.328	/m/07q0yl5
bbb63TfcYMo_6000	9.297	9.76	/m/07q0yl5
bchtQ4W4aIo_290000	0.802	2.183	/m/01d3sd
boL0pyS5urM_30000	8.157	8.585	/m/07q0yl5
bpM749nf0Xw_110000	0.0	0.55	/m/07q0yl5
bpM749nf0Xw_110000	0.688	1.695	/m/07q0yl5
bpM749nf0Xw_110000	3.247	3.734	/m/07q0yl5
bpM749nf0Xw_110000	5.001	5.294	/m/07q0yl5
cKsBrnjC-ZE_10000	1.972	3.108	/m/01d3sd
cKsBrnjC-ZE_10000	5.619	6.651	/m/01d3sd
cRTxQwcuYS0_60000	1.983	2.654	/m/07q0yl5
cRTxQwcuYS0_60000	3.073	3.561	/m/07q0yl5
cRTxQwcuYS0_60000	4.316	4.567	/m/07q0yl5
cVhBxY5fs8c_16000	3.604	3.817	/m/07q0yl5
cYuAwZtHq-U_50000	4.413	5.503	/m/01d3sd
cidhbwgBG4k_30000	7.678	8.792	/m/01d3sd
cjiXCd2Syq8_230000	8.535	10.0	/m/01d3sd
crflVHIFxO0_20000	3.236	3.441	/m/07q0yl5
d-OP2-GuXFg_10000	0.0	1.034	/m/01d3sd
d-OP2-GuXFg_10000	2.87	4.203	/m/01d3sd
d-OP2-GuXFg_10000	6.077	7.266	/m/01d3sd
d-OP2-GuXFg_10000	8.937	10.0	/m/01d3sd
d9B4rR5T9kM_80000	0.0	0.91	/m/01d3sd
d9B4rR5T9kM_80000	1.31	2.186	/m/01d3sd
d9B4rR5T9kM_80000	2.376	3.422	/m/01d3sd
d9B4rR5T9kM_80000	5.261	6.253	/m/01d3sd
d9B4rR5T9kM_80000	8.16	8.9	/m/01d3sd
dp1uFuH3VsY_40000	5.014	6.69	/m/01d3sd
dpgPP_4cbYE_90000	5.901	6.785	/m/07q0yl5
dxGiwfNI41s_10000	0.0	1.427	/m/01d3sd
dxGiwfNI41s_10000	2.564	3.19	/m/01d3sd
dxGiwfNI41s_10000	4.311	4.579	/m/01d3sd
dxGiwfNI41s_10000	4.831	5.887	/m/01d3sd
dxGiwfNI41s_10000	8.243	9.835	/m/01d3sd
e0oIYZeIDFA_30000	0.622	2.251	/m/01d3sd
e0oIYZeIDFA_30000	4.485	5.969	/m/01d3sd
e0oIYZeIDFA_30000	8.299	9.804	/m/01d3sd
e7J9W17hm1c_50000	0.0	1.845	/m/01d3sd
e7J9W17hm1c_50000	2.097	2.986	/m/01d3sd
e7J9W17hm1c_50000	4.754	5.604	/m/01d3sd
e7J9W17hm1c_50000	7.845	8.512	/m/01d3sd
eA3WyiYRHYY_40000	1.614	3.027	/m/01d3sd
eBIeqktGy6I_70000	0.0	0.866	/m/01d3sd
eBIeqktGy6I_70000	2.793	4.385	/m/01d3sd
eBIeqktGy6I_70000	6.383	7.682	/m/01d3sd
eM7jC-VitbI_30000	0.0	10.0	/m/01d3sd
eTAiCGbqDkE_520000	7.89	8.291	/m/01d3sd
eTD-cnHfjc0_14000	0.404	0.745	/m/07q0yl5
enaI49cnsIw_30000	0.98	4.676	/m/01d3sd
enaI49cnsIw_30000	5.513	7.853	/m/01d3sd
esvW_b6NDUs_30000	0.135	1.179	/m/01d3sd
esvW_b6NDUs_30000	6.773	7.652	/m/01d3sd
esvW_b6NDUs_30000	7.826	9.43	/m/01d3sd
etPXdKWuIoo_20000	2.522	3.72	/m/01d3sd
etPXdKWuIoo_20000	6.928	8.019	/m/01d3sd
etPXdKWuIoo_20000	8.222	8.367	/m/01d3sd
ewktw9F2Weo_0	3.962	4.319	/m/01d3sd
ewktw9F2Weo_0	4.936	5.619	/m/01d3sd
f6r3kyYfkRo_90000	9.124	10.0	/m/01d3sd
fSAs-T-WRso_0	0.0	1.449	/m/01d3sd
fSAs-T-WRso_0	1.795	3.236	/m/01d3sd
fSAs-T-WRso_0	4.409	5.756	/m/01d3sd
fSAs-T-WRso_0	6.63	7.961	/m/01d3sd
fSAs-T-WRso_0	8.26	9.764	/m/01d3sd
fxhM5V7EaDY_130000	6.009	6.366	/m/07q0yl5
fxhM5V7EaDY_130000	6.683	7.024	/m/07q0yl5
fxhM5V7EaDY_130000	9.486	9.802	/m/07q0yl5
g-CqUaJ4usE_110000	0.787	3.135	/m/01d3sd
g-CqUaJ4usE_110000	5.471	8.01	/m/01d3sd
g7zWOJ1KzW8_10000	1.407	2.935	/m/01d3sd
g7zWOJ1KzW8_10000	4.959	6.17	/m/01d3sd
g7zWOJ1KzW8_10000	7.991	9.631	/m/01d3sd
gShZY3SopN8_30000	1.454	2.189	/m/01d3sd
gWiLZX6uUcA_80000	7.56	8.786	/m/01d3sd
gcEXBZtcBzs_30000	0.0	1.157	/m/01d3sd
gcEXBZtcBzs_30000	3.307	4.921	/m/01d3sd
gcEXBZtcBzs_30000	7.339	9.055	/m/01d3sd
gcjsOHa23SM_13000	5.496	7.937	/m/01d3sd
gcjsOHa23SM_13000	9.441	10.0	/m/01d3sd
gip4hl49NcY_10000	0.496	2.118	/m/01d3sd
gip4hl49NcY_10000	2.992	4.787	/m/01d3sd
gip4hl49NcY_10000	5.724	7.488	/m/01d3sd
gip4hl49NcY_10000	8.378	10.0	/m/01d3sd
gqn_eeor8Lc_150000	0.897	1.577	/m/01d3sd
gqn_eeor8Lc_150000	3.619	4.711	/m/01d3sd
gqn_eeor8Lc_150000	6.402	7.818	/m/01d3sd
gqn_eeor8Lc_150000	9.426	10.0	/m/01d3sd
guRqN3dHwak_3000	0.237	0.691	/m/01d3sd
guRqN3dHwak_3000	2.581	3.076	/m/01d3sd
guRqN3dHwak_3000	5.083	5.516	/m/01d3sd
guRqN3dHwak_3000	7.763	8.485	/m/01d3sd
gvjG6XL1cAY_290000	6.399	7.057	/m/07q0yl5
h0hA2oIAcvg_10000	1.87	3.667	/m/01d3sd
h0hA2oIAcvg_10000	7.366	9.074	/m/01d3sd
hCi1UfJmchk_40000	0.0	1.763	/m/01d3sd
hCi1UfJmchk_40000	6.333	8.643	/m/01d3sd
hCi1UfJmchk_40000	9.0	10.0	/m/01d3sd
hFbp8K1DShs_0	1.346	2.7	/m/07q0yl5
hPXngLOoZ80_30000	8.921	9.315	/m/07q0yl5
hRCOQJirSKs_0	0.971	2.596	/m/01d3sd
hRCOQJirSKs_0	4.703	6.652	/m/01d3sd
hRCOQJirSKs_0	8.179	10.0	/m/01d3sd
hkcxCXz_m5s_40000	3.666	4.137	/m/07q0yl5
hky_1_uTJnI_20000	0.547	2.789	/m/01d3sd
hky_1_uTJnI_20000	4.611	6.021	/m/01d3sd
hky_1_uTJnI_20000	8.347	10.0	/m/01d3sd
i6M0BNXBR7o_180000	2.394	6.664	/m/01d3sd
i6M0BNXBR7o_180000	8.811	9.978	/m/01d3sd
i6M0BNXBR7o_180000	9.591	9.592	/m/01d3sd
i7676wLwS_U_12000	0.117	0.609	/m/01d3sd
i7676wLwS_U_12000	3.699	4.204	/m/01d3sd
i9WQYspipj4_140000	6.882	7.346	/m/01d3sd
iI0CMVsfcdM_110000	5.18	5.506	/m/01d3sd
iKggeiRW4XU_50000	1.617	2.426	/m/01d3sd
iKggeiRW4XU_50000	3.029	3.221	/m/01d3sd
iKggeiRW4XU_50000	5.826	7.498	/m/01d3sd
ic6M5bIhECo_30000	0.0	1.296	/m/01d3sd
ic6M5bIhECo_30000	7.431	7.683	/m/01d3sd
ic6M5bIhECo_30000	7.821	8.716	/m/01d3sd
ic9xxOhy5p4_60000	0.88	2.458	/m/01d3sd
ic9xxOhy5p4_60000	2.709	4.12	/m/01d3sd
ic9xxOhy5p4_60000	5.615	7.388	/m/01d3sd
ic9xxOhy5p4_60000	7.668	9.497	/m/01d3sd
ij9Vvc-8-co_0	0.366	2.663	/m/01d3sd
ixaVHv5vqlw_10000	9.0	10.0	/m/07q0yl5
j0GKVcl-uRc_60000	0.0	2.018	/m/01d3sd
j0GKVcl-uRc_60000	6.009	7.144	/m/01d3sd
jC3nCKor-7U_10000	2.099	3.245	/m/01d3sd
jC3nCKor-7U_10000	5.378	6.686	/m/01d3sd
jC3nCKor-7U_10000	8.842	10.0	/m/01d3sd
jCZFZXNAuS0_130000	7.731	8.153	/m/07q0yl5
jI81qI1Hii8_90000	0.768	1.193	/m/01d3sd
jdCw86PiqMM_10000	3.995	4.533	/m/01d3sd
jdCw86PiqMM_10000	7.414	8.515	/m/01d3sd
jfJc7JCDm5k_30000	0.0	0.441	/m/01d3sd
jfJc7JCDm5k_30000	2.819	4.126	/m/01d3sd
jfJc7JCDm5k_30000	6.142	7.512	/m/01d3sd
jfJc7JCDm5k_30000	7.89	8.362	/m/01d3sd
jfJc7JCDm5k_30000	9.409	10.0	/m/01d3sd
jl8IJjQF3U8_21000	7.221	9.39	/m/01d3sd
k7MyVf1Sd58_60000	1.071	2.212	/m/01d3sd
k7MyVf1Sd58_60000	5.541	6.822	/m/01d3sd
k8vl7czE1Ss_130000	1.106	2.408	/m/01d3sd
kJ9hD1xn3dU_590000	0.217	0.959	/m/01d3sd
kJ9hD1xn3dU_590000	1.076	1.921	/m/01d3sd
kJ9hD1xn3dU_590000	2.114	2.808	/m/01d3sd
kJ9hD1xn3dU_590000	2.938	3.804	/m/01d3sd
kJ9hD1xn3dU_590000	3.983	4.732	/m/01d3sd
kJ9hD1xn3dU_590000	4.897	5.742	/m/01d3sd
kJ9hD1xn3dU_590000	6.01	6.464	/m/01d3sd
kJ9hD1xn3dU_590000	6.828	7.715	/m/01d3sd
kJ9hD1xn3dU_590000	7.921	8.629	/m/01d3sd
kJ9hD1xn3dU_590000	8.773	9.653	/m/01d3sd
kJ9hD1xn3dU_590000	9.839	10.0	/m/01d3sd
kRBvrsQSs18_10000	1.995	2.998	/m/01d3sd
kRBvrsQSs18_10000	3.219	4.858	/m/01d3sd
kRBvrsQSs18_10000	6.788	8.219	/m/01d3sd
kRBvrsQSs18_10000	8.434	10.0	/m/01d3sd
kjeXJ-0Ezzo_50000	0.0	0.852	/m/01d3sd
kjeXJ-0Ezzo_50000	1.034	2.025	/m/01d3sd
kjeXJ-0Ezzo_50000	2.933	4.05	/m/01d3sd
kjeXJ-0Ezzo_50000	4.469	5.559	/m/01d3sd
kjeXJ-0Ezzo_50000	5.992	7.095	/m/01d3sd
kjeXJ-0Ezzo_50000	7.444	8.506	/m/01d3sd
kjeXJ-0Ezzo_50000	9.232	10.0	/m/01d3sd
kvXLA-ymwec_40000	5.11	5.515	/m/07q0yl5
l9f6ajqbvxE_20000	0.842	1.102	/m/01d3sd
l9f6ajqbvxE_20000	4.815	5.692	/m/01d3sd
l9f6ajqbvxE_20000	6.366	6.594	/m/01d3sd
l9f6ajqbvxE_20000	9.421	10.0	/m/01d3sd
lLOc7VnZr7k_480000	8.732	10.0	/m/01d3sd
lMKLUaokqG8_30000	0.0	0.918	/m/01d3sd
lMKLUaokqG8_30000	2.566	6.223	/m/01d3sd
lMKLUaokqG8_30000	9.255	10.0	/m/01d3sd
lTfNLKEy1RU_120000	6.039	8.071	/m/01d3sd
luyMU0zLuaI_80000	0.0	1.273	/m/01d3sd
luyMU0zLuaI_80000	3.06	4.481	/m/01d3sd
luyMU0zLuaI_80000	5.984	7.349	/m/01d3sd
luyMU0zLuaI_80000	9.031	10.0	/m/01d3sd
m0SrKf5myEg_0	0.898	1.961	/m/01d3sd
m0SrKf5myEg_0	5.677	6.008	/m/01d3sd
m0SrKf5myEg_0	9.039	10.0	/m/01d3sd
mXYMfuogo3w_40000	2.666	4.24	/m/01d3sd
mXYMfuogo3w_40000	7.762	8.995	/m/01d3sd
mvZ8-cyzqOY_0	9.921	10.0	/m/01d3sd
n3LBDC2ti44_140000	7.181	7.323	/m/01d3sd
n67LR4YKPxQ_490000	0.0	2.343	/m/01d3sd
n67LR4YKPxQ_490000	2.471	10.0	/m/01d3sd
nDin7ug5g6M_0	8.362	10.0	/m/01d3sd
nF2qiya1Ul4_160000	7.52	8.008	/m/07q0yl5
nhXgL9iT4gI_20000	1.219	4.003	/m/01d3sd
nhXgL9iT4gI_20000	5.207	8.427	/m/01d3sd
noHjrCgQgOo_11000	9.449	9.78	/m/07q0yl5
np5ttRbFvNw_30000	7.952	8.895	/m/01d3sd
o-F0pmp0Uy4_40000	0.0	0.217	/m/01d3sd
o-F0pmp0Uy4_40000	2.215	3.417	/m/01d3sd
o-F0pmp0Uy4_40000	5.123	6.894	/m/01d3sd
o-F0pmp0Uy4_40000	8.178	9.745	/m/01d3sd
oGZ5K6hb4x4_25000	0.128	0.429	/m/01d3sd
oGZ5K6hb4x4_25000	0.752	1.031	/m/01d3sd
oGZ5K6hb4x4_25000	1.61	2.137	/m/01d3sd
oGZ5K6hb4x4_25000	2.438	3.266	/m/01d3sd
oGZ5K6hb4x4_25000	3.664	3.996	/m/01d3sd
oGZ5K6hb4x4_25000	4.244	4.635	/m/01d3sd
oGZ5K6hb4x4_25000	5.26	7.141	/m/01d3sd
oGZ5K6hb4x4_25000	7.374	7.682	/m/01d3sd
oGZ5K6hb4x4_25000	8.367	8.736	/m/01d3sd
oGZ5K6hb4x4_25000	9.097	9.865	/m/01d3sd
omnmljk8WjE_0	8.418	10.0	/m/01d3sd
osOVGWS2kz8_14000	0.0	0.945	/m/07q0yl5
osOVGWS2kz8_14000	1.389	2.529	/m/07q0yl5
osOVGWS2kz8_14000	2.895	3.983	/m/07q0yl5
osOVGWS2kz8_14000	4.188	5.288	/m/07q0yl5
osOVGWS2kz8_14000	5.66	6.791	/m/07q0yl5
osOVGWS2kz8_14000	7.145	8.344	/m/07q0yl5
p5a1zad9mBQ_90000	1.63	3.962	/m/01d3sd
p5a1zad9mBQ_90000	5.854	7.471	/m/01d3sd
pD0Tyn_LLHU_30000	0.352	1.593	/m/01d3sd
pD0Tyn_LLHU_30000	4.791	6.031	/m/01d3sd
pD0Tyn_LLHU_30000	8.982	9.739	/m/01d3sd
pHwZ5S5PmQs_0	2.52	3.78	/m/01d3sd
pbc6tPB6iAg_40000	0.16	0.996	/m/01d3sd
pbc6tPB6iAg_40000	3.531	4.969	/m/01d3sd
pbc6tPB6iAg_40000	5.326	6.472	/m/01d3sd
pbc6tPB6iAg_40000	6.813	8.275	/m/01d3sd
pbc6tPB6iAg_40000	8.86	10.0	/m/01d3sd
phWKU8dU4Bs_30000	0.654	1.276	/m/07q0yl5
phWKU8dU4Bs_30000	2.575	3.323	/m/07q0yl5
phWKU8dU4Bs_30000	4.63	5.362	/m/07q0yl5
phWKU8dU4Bs_30000	6.583	7.37	/m/07q0yl5
phWKU8dU4Bs_30000	8.858	9.882	/m/07q0yl5
pmMhxDct7ss_30000	1.142	1.929	/m/07q0yl5
pmMhxDct7ss_30000	8.827	9.535	/m/07q0yl5
q8i4B6lSshE_30000	6.638	8.457	/m/01d3sd
qFPt3n5ro40_130000	1.248	2.876	/m/01d3sd
qFPt3n5ro40_130000	5.268	6.313	/m/01d3sd
qFPt3n5ro40_130000	8.478	10.0	/m/01d3sd
qIuzkHEnS9A_0	8.402	9.677	/m/01d3sd
qNCot42QcPQ_30000	0.135	1.131	/m/01d3sd
qNCot42QcPQ_30000	3.655	5.315	/m/01d3sd
qNCot42QcPQ_30000	7.811	9.817	/m/01d3sd
r4KgtHVgu-c_0	8.669	10.0	/m/01d3sd
r9O_XUaqJyI_30000	1.511	2.356	/m/01d3sd
r9O_XUaqJyI_30000	3.649	4.469	/m/01d3sd
r9O_XUaqJyI_30000	4.686	5.467	/m/01d3sd
r9O_XUaqJyI_30000	6.812	8.207	/m/01d3sd
rBEhAP8kmIQ_50000	0.512	2.049	/m/01d3sd
rBEhAP8kmIQ_50000	3.713	5.467	/m/01d3sd
rBEhAP8kmIQ_50000	7.004	8.745	/m/01d3sd
rDHef6r9XtI_10000	0.264	1.95	/m/01d3sd
rDHef6r9XtI_10000	4.002	5.745	/m/01d3sd
rDHef6r9XtI_10000	7.477	9.071	/m/01d3sd
rKdMKSkUuh8_280000	3.574	4.251	/m/01d3sd
rKdMKSkUuh8_280000	4.552	5.38	/m/01d3sd
rKdMKSkUuh8_280000	7.186	7.803	/m/01d3sd
rKdMKSkUuh8_280000	7.991	8.984	/m/01d3sd
rTHLYwJkfFE_100000	2.189	4.118	/m/01d3sd
raQJLQzJINA_30000	6.075	6.824	/m/01d3sd
rbXzrD1V-Hc_40000	0.958	2.542	/m/01d3sd
rbXzrD1V-Hc_40000	4.028	5.584	/m/01d3sd
rbXzrD1V-Hc_40000	7.348	8.662	/m/01d3sd
rbZOyG-cx5I_90000	0.0	1.63	/m/01d3sd
rbZOyG-cx5I_90000	4.311	6.618	/m/01d3sd
rbZOyG-cx5I_90000	9.266	10.0	/m/01d3sd
rm-vqTpsE5Q_30000	0.509	1.541	/m/01d3sd
rm-vqTpsE5Q_30000	3.096	4.039	/m/01d3sd
rm-vqTpsE5Q_30000	5.647	6.938	/m/01d3sd
rm-vqTpsE5Q_30000	9.118	10.0	/m/01d3sd
rxsUMJKeLFg_80000	8.622	10.0	/m/01d3sd
s3k7JOwdQU4_0	3.073	3.508	/m/07q0yl5
s61ihtmxWe4_40000	5.034	5.33	/m/01d3sd
s61ihtmxWe4_40000	6.622	9.421	/m/01d3sd
sOhlM5Df5AQ_20000	2.037	4.36	/m/01d3sd
sOhlM5Df5AQ_20000	6.041	8.551	/m/01d3sd
sjBUvyUl4jQ_12000	1.151	1.779	/m/01d3sd
sjBUvyUl4jQ_12000	7.081	7.686	/m/01d3sd
sjBUvyUl4jQ_12000	8.516	9.11	/m/01d3sd
snZdRABKrTM_0	0.67	6.083	/m/01d3sd
spJCm8tD9Zo_90000	0.0	0.843	/m/01d3sd
spJCm8tD9Zo_90000	2.385	3.356	/m/01d3sd
spJCm8tD9Zo_90000	4.883	6.087	/m/01d3sd
spJCm8tD9Zo_90000	6.546	7.269	/m/01d3sd
spJCm8tD9Zo_90000	7.953	9.895	/m/01d3sd
syyyCQcHSfQ_60000	1.269	2.119	/m/01d3sd
syyyCQcHSfQ_60000	3.784	4.587	/m/01d3sd
syyyCQcHSfQ_60000	6.391	7.125	/m/01d3sd
syyyCQcHSfQ_60000	9.022	9.709	/m/01d3sd
t1Bw_l_tgBI_150000	6.126	6.85	/m/07q0yl5
t4ZLiPANIzM_40000	0.0	0.737	/m/01d3sd
t4ZLiPANIzM_40000	2.77	4.091	/m/01d3sd
t4ZLiPANIzM_40000	5.986	7.493	/m/01d3sd
t4ZLiPANIzM_40000	9.471	10.0	/m/01d3sd
t5NQehqPGEA_14000	8.15	9.29	/m/01d3sd
t7beUXqArZk_450000	0.317	1.642	/m/01d3sd
t7beUXqArZk_450000	2.703	4.271	/m/01d3sd
t7beUXqArZk_450000	5.427	6.819	/m/01d3sd
t7beUXqArZk_450000	8.078	9.691	/m/01d3sd
tK9T_g-AYcQ_30000	2.037	2.832	/m/01d3sd
tK9T_g-AYcQ_30000	4.858	5.937	/m/01d3sd
tK9T_g-AYcQ_30000	6.767	7.078	/m/01d3sd
tK9T_g-AYcQ_30000	7.604	7.887	/m/01d3sd
tLoiEpfIHR4_50000	3.64	4.015	/m/01d3sd
tLoiEpfIHR4_50000	6.112	8.637	/m/01d3sd
tTOC5mwsNoQ_150000	7.165	8.189	/m/01d3sd
teeGSsmcdAU_60000	0.0	1.103	/m/01d3sd
teeGSsmcdAU_60000	3.144	6.443	/m/01d3sd
tsl9FkEVyCo_290000	0.0	1.285	/m/07q0yl5
tsl9FkEVyCo_290000	1.453	1.774	/m/07q0yl5
tsl9FkEVyCo_290000	2.039	2.43	/m/07q0yl5
tsl9FkEVyCo_290000	2.933	10.0	/m/07q0yl5
ty1xDRr2-t4_0	8.045	10.0	/m/01d3sd
uIk-yrWhbaY_0	0.769	2.134	/m/01d3sd
uIk-yrWhbaY_0	3.239	4.652	/m/01d3sd
uIk-yrWhbaY_0	4.904	6.147	/m/01d3sd
uIk-yrWhbaY_0	6.309	7.536	/m/01d3sd
uIk-yrWhbaY_0	7.804	9.136	/m/01d3sd
uIk-yrWhbaY_0	9.607	10.0	/m/01d3sd
uSyyPtczxtU_80000	7.858	8.882	/m/01d3sd
uUduTh2ZzwI_50000	0.151	0.582	/m/01d3sd
uUduTh2ZzwI_50000	1.746	2.387	/m/01d3sd
uUduTh2ZzwI_50000	3.423	4.11	/m/01d3sd
uUduTh2ZzwI_50000	4.901	5.285	/m/01d3sd
uUduTh2ZzwI_50000	6.741	7.532	/m/01d3sd
uUduTh2ZzwI_50000	8.615	9.337	/m/01d3sd
uc8v4aEsAhM_10000	0.0	0.391	/m/01d3sd
uc8v4aEsAhM_10000	1.662	2.989	/m/01d3sd
uc8v4aEsAhM_10000	3.813	5.377	/m/01d3sd
uc8v4aEsAhM_10000	6.299	7.514	/m/01d3sd
uc8v4aEsAhM_10000	8.534	9.832	/m/01d3sd
uiOSxRsnIpk_360000	9.801	10.0	/m/07q0yl5
uln4khwaf7E_190000	0.0	0.436	/m/01d3sd
uln4khwaf7E_190000	2.626	3.394	/m/01d3sd
uln4khwaf7E_190000	9.14	9.587	/m/01d3sd
un5P4LhG2Sw_220000	0.396	0.753	/m/07q0yl5
un5P4LhG2Sw_220000	1.988	2.337	/m/07q0yl5
v0zIWnmHqH4_0	6.654	7.717	/m/01d3sd
veRqCvc9QXw_280000	0.0	1.606	/m/01d3sd
veRqCvc9QXw_280000	3.142	4.679	/m/01d3sd
veRqCvc9QXw_280000	6.307	7.833	/m/01d3sd
veRqCvc9QXw_280000	9.656	10.0	/m/01d3sd
vpJPwLamD4s_20000	0.0	0.155	/m/01d3sd
vpJPwLamD4s_20000	0.812	2.193	/m/01d3sd
vpJPwLamD4s_20000	3.961	5.411	/m/01d3sd
vpJPwLamD4s_20000	7.633	8.908	/m/01d3sd
wC1oLlfR62E_30000	0.0	4.732	/m/01d3sd
wPIPqICmmPE_20000	7.575	9.646	/m/01d3sd
wVCmvVtMiTw_90000	0.322	1.719	/m/01d3sd
wVCmvVtMiTw_90000	4.546	5.416	/m/01d3sd
wVCmvVtMiTw_90000	8.145	9.331	/m/01d3sd
wVVIjDDycKk_40000	3.349	5.472	/m/01d3sd
wVVIjDDycKk_40000	7.315	9.661	/m/01d3sd
wWGGGynn3Fw_80000	0.412	1.817	/m/01d3sd
wWGGGynn3Fw_80000	4.311	5.692	/m/01d3sd
wWGGGynn3Fw_80000	8.129	9.672	/m/01d3sd
waHdZjSsGyU_30000	1.175	2.467	/m/01d3sd
waHdZjSsGyU_30000	2.629	3.409	/m/01d3sd
waHdZjSsGyU_30000	5.416	6.366	/m/01d3sd
waHdZjSsGyU_30000	6.626	7.641	/m/01d3sd
waHdZjSsGyU_30000	9.429	10.0	/m/01d3sd
wbMMt6lgv6k_40000	0.732	2.762	/m/01d3sd
wbMMt6lgv6k_40000	4.033	6.14	/m/01d3sd
wbMMt6lgv6k_40000	7.6	9.834	/m/01d3sd
wg38Y-nkJQI_40000	0.333	1.972	/m/01d3sd
wg38Y-nkJQI_40000	3.739	4.994	/m/01d3sd
wg38Y-nkJQI_40000	6.569	7.926	/m/01d3sd
wg38Y-nkJQI_40000	9.706	10.0	/m/01d3sd
wnF0_lXnkGs_40000	2.454	3.991	/m/01d3sd
wnF0_lXnkGs_40000	7.615	9.69	/m/01d3sd
wnnHcidRREw_90000	0.0	1.276	/m/01d3sd
wnnHcidRREw_90000	2.874	5.564	/m/01d3sd
wnnHcidRREw_90000	5.799	7.77	/m/01d3sd
wnnHcidRREw_90000	7.867	8.468	/m/01d3sd
wnnHcidRREw_90000	9.264	10.0	/m/01d3sd
wnpB-4kWW2o_0	8.517	9.471	/m/01d3sd
xOU0LYC_cyM_100000	8.646	9.024	/m/07q0yl5
xSfemSQSBjQ_70000	1.537	3.132	/m/01d3sd
xSfemSQSBjQ_70000	5.111	6.543	/m/01d3sd
xSfemSQSBjQ_70000	8.568	10.0	/m/01d3sd
xVN49Kj9NXw_30000	1.475	2.476	/m/01d3sd
xVN49Kj9NXw_30000	4.101	5.455	/m/01d3sd
xVN49Kj9NXw_30000	6.591	7.953	/m/01d3sd
xVN49Kj9NXw_30000	9.15	10.0	/m/01d3sd
xVSMZp7l8vw_150000	4.943	5.424	/m/01d3sd
xVSMZp7l8vw_150000	5.791	6.342	/m/01d3sd
xVSMZp7l8vw_150000	7.454	8.567	/m/01d3sd
xVSMZp7l8vw_150000	9.587	10.0	/m/01d3sd
xWfN5uzTypk_20000	0.0	0.467	/m/01d3sd
xWfN5uzTypk_20000	1.56	2.874	/m/01d3sd
xWfN5uzTypk_20000	4.077	5.446	/m/01d3sd
xWfN5uzTypk_20000	6.705	8.102	/m/01d3sd
xWfN5uzTypk_20000	9.367	10.0	/m/01d3sd
xeURQrj8Pc4_20000	1.338	2.02	/m/01d3sd
xeURQrj8Pc4_20000	4.425	5.058	/m/01d3sd
xeURQrj8Pc4_20000	7.382	8.015	/m/01d3sd
xfnVgZJzKU8_10000	0.0	0.725	/m/01d3sd
xfnVgZJzKU8_10000	2.56	3.227	/m/01d3sd
xfnVgZJzKU8_10000	5.33	6.67	/m/01d3sd
xfnVgZJzKU8_10000	7.9	9.014	/m/01d3sd
xgMArX5oHXo_30000	0.154	0.552	/m/01d3sd
xgMArX5oHXo_30000	1.535	1.864	/m/01d3sd
xgMArX5oHXo_30000	3.011	3.309	/m/01d3sd
xgMArX5oHXo_30000	4.424	4.859	/m/01d3sd
xgMArX5oHXo_30000	5.953	6.283	/m/01d3sd
xgMArX5oHXo_30000	7.201	7.477	/m/01d3sd
xgMArX5oHXo_30000	8.481	8.779	/m/01d3sd
xgMArX5oHXo_30000	9.745	10.0	/m/01d3sd
xiqHrUKmPJE_20000	1.512	3.717	/m/01d3sd
xiqHrUKmPJE_20000	4.315	6.189	/m/01d3sd
xiqHrUKmPJE_20000	8.811	10.0	/m/01d3sd
xrPwmCFAyB4_40000	0.0	0.899	/m/01d3sd
xrPwmCFAyB4_40000	3.13	4.53	/m/01d3sd
xrPwmCFAyB4_40000	6.309	7.983	/m/01d3sd
xrPwmCFAyB4_40000	9.792	10.0	/m/01d3sd
y1CeHqwe_NY_0	9.27	9.863	/m/01d3sd
y7OYBmQEFBc_0	6.198	8.344	/m/01d3sd
yCc92iTYnOs_40000	0.0	0.819	/m/01d3sd
yCc92iTYnOs_40000	1.795	3.795	/m/01d3sd
yCc92iTYnOs_40000	4.906	6.78	/m/01d3sd
yCc92iTYnOs_40000	8.394	10.0	/m/01d3sd
yL3gKa6YLoM_40000	7.638	8.906	/m/01d3sd
yTgrjLOGpiY_50000	0.0	0.23	/m/01d3sd
yTgrjLOGpiY_50000	2.766	4.302	/m/01d3sd
yTgrjLOGpiY_50000	6.53	8.105	/m/01d3sd
yTzMPv7IdXQ_30000	0.096	1.289	/m/01d3sd
yTzMPv7IdXQ_30000	4.441	5.359	/m/01d3sd
yTzMPv7IdXQ_30000	7.717	9.039	/m/01d3sd
yU6hE9CL02o_350000	0.0	1.386	/m/01d3sd
yU6hE9CL02o_350000	3.539	4.49	/m/01d3sd
yU6hE9CL02o_350000	4.717	5.846	/m/01d3sd
yU6hE9CL02o_350000	6.147	8.811	/m/01d3sd
yU6hE9CL02o_350000	9.226	10.0	/m/01d3sd
ymn88pcm2p8_10000	1.305	1.784	/m/07q0yl5
yqD4xf9M4xY_100000	0.0	0.218	/m/01d3sd
yqD4xf9M4xY_100000	0.615	1.357	/m/01d3sd
yqD4xf9M4xY_100000	2.074	2.766	/m/01d3sd
yqD4xf9M4xY_100000	5.173	5.915	/m/01d3sd
yqD4xf9M4xY_100000	6.85	7.311	/m/01d3sd
yqD4xf9M4xY_100000	7.887	9.027	/m/01d3sd
yrTqAYH5OM0_30000	0.01	1.681	/m/01d3sd
yrTqAYH5OM0_30000	3.467	5.0	/m/01d3sd
yrTqAYH5OM0_30000	6.773	8.278	/m/01d3sd
z11n7rI1xfc_60000	2.015	2.372	/m/01d3sd
z11n7rI1xfc_60000	2.6	4.419	/m/01d3sd
z11n7rI1xfc_60000	6.718	7.693	/m/01d3sd
zY7xhmkELXo_20000	0.0	1.942	/m/01d3sd
zY7xhmkELXo_20000	3.712	5.727	/m/01d3sd
zY7xhmkELXo_20000	7.734	9.813	/m/01d3sd
znSDYmu0Wq8_0	0.431	1.052	/m/01d3sd
znSDYmu0Wq8_0	2.051	2.68	/m/01d3sd
